"year","gov_id","gov","gov_en","pref","n_students","definition"
2018,1,"–kŠC“¹","Hokkaido",TRUE,27485,"StudentsAll"
2018,2,"ÂXŒ§","Aomoriken",TRUE,10906,"StudentsAll"
2018,3,"ŠâèŒ§","Iwateken",TRUE,10842,"StudentsAll"
2018,4,"‹{éŒ§","Miyagiken",TRUE,11397,"StudentsAll"
2018,5,"H“cŒ§","Akitaken",TRUE,7735,"StudentsAll"
2018,6,"RŒ`Œ§","Yamagataken",TRUE,9625,"StudentsAll"
2018,7,"•Ÿ“‡Œ§","Fukushimaken",TRUE,16810,"StudentsAll"
2018,8,"ˆïéŒ§","Ibarakiken",TRUE,25410,"StudentsAll"
2018,9,"“È–ØŒ§","Tochigiken",TRUE,17539,"StudentsAll"
2018,10,"ŒQ”nŒ§","Gummaken",TRUE,17899,"StudentsAll"
2018,11,"é‹ÊŒ§","Saitamaken",TRUE,49632,"StudentsAll"
2018,12,"ç—tŒ§","Chibaken",TRUE,42269,"StudentsAll"
2018,13,"“Œ‹“s","Tokyoto",TRUE,77344,"StudentsAll"
2018,14,"_“ŞìŒ§","Kanagawaken",TRUE,26438,"StudentsAll"
2018,15,"VŠƒŒ§","Niigataken",TRUE,12506,"StudentsAll"
2018,16,"•xRŒ§","Toyamaken",TRUE,9281,"StudentsAll"
2018,17,"ÎìŒ§","Ishikawaken",TRUE,10406,"StudentsAll"
2018,18,"•ŸˆäŒ§","Fukuiken",TRUE,7028,"StudentsAll"
2018,19,"R—œŒ§","Yamanashiken",TRUE,7084,"StudentsAll"
2018,20,"’·–ìŒ§","Naganoken",TRUE,18832,"StudentsAll"
2018,21,"Šò•ŒŒ§","Gifuken",TRUE,18691,"StudentsAll"
2018,22,"Ã‰ªŒ§","Shizuokaken",TRUE,19459,"StudentsAll"
2018,23,"ˆ¤’mŒ§","Aichiken",TRUE,49648,"StudentsAll"
2018,24,"OdŒ§","Mieken",TRUE,15766,"StudentsAll"
2018,25," ‰êŒ§","Shigaken",TRUE,13637,"StudentsAll"
2018,26,"‹“s•{","Kyotofu",TRUE,10114,"StudentsAll"
2018,27,"‘åã•{","Osakafu",TRUE,45325,"StudentsAll"
2018,28,"•ºŒÉŒ§","Hyogoken",TRUE,33992,"StudentsAll"
2018,29,"“Ş—ÇŒ§","Naraken",TRUE,11001,"StudentsAll"
2018,30,"˜a‰ÌRŒ§","Wakayamaken",TRUE,7707,"StudentsAll"
2018,31,"’¹æŒ§","Tottoriken",TRUE,5016,"StudentsAll"
2018,32,"“‡ªŒ§","Shimaneken",TRUE,5707,"StudentsAll"
2018,33,"‰ªRŒ§","Okayamaken",TRUE,10431,"StudentsAll"
2018,34,"L“‡Œ§","Hiroshimaken",TRUE,13262,"StudentsAll"
2018,35,"RŒûŒ§","Yamaguchiken",TRUE,11455,"StudentsAll"
2018,36,"“¿“‡Œ§","Tokushimaken",TRUE,6158,"StudentsAll"
2018,37,"ìŒ§","Kagawaken",TRUE,8380,"StudentsAll"
2018,38,"ˆ¤•QŒ§","Ehimeken",TRUE,11767,"StudentsAll"
2018,39,"‚’mŒ§","Kochiken",TRUE,4816,"StudentsAll"
2018,40,"•Ÿ‰ªŒ§","Fukuokaken",TRUE,23355,"StudentsAll"
2018,41,"²‰êŒ§","Sagaken",TRUE,7588,"StudentsAll"
2018,42,"’·èŒ§","Nagasakiken",TRUE,11668,"StudentsAll"
2018,43,"ŒF–{Œ§","Kumamotoken",TRUE,9193,"StudentsAll"
2018,44,"‘å•ªŒ§","Oitaken",TRUE,9777,"StudentsAll"
2018,45,"‹{èŒ§","Miyazakiken",TRUE,9538,"StudentsAll"
2018,46,"­™“‡Œ§","Kagoshimaken",TRUE,14596,"StudentsAll"
2018,47,"‰«“êŒ§","Okinawaken",TRUE,15227,"StudentsAll"
2018,48,"D–ys","Sapporoshi",FALSE,14754,"StudentsAll"
2018,49,"å‘äs","Sendaishi",FALSE,8628,"StudentsAll"
2018,50,"‚³‚¢‚½‚Üs","Saitamashi",FALSE,10251,"StudentsAll"
2018,51,"ç—ts","Chibashi",FALSE,7697,"StudentsAll"
2018,52,"ìès","Kawasakishi",FALSE,9638,"StudentsAll"
2018,53,"‰¡•ls","Yokohamashi",FALSE,27019,"StudentsAll"
2018,54,"‘Š–ÍŒ´s","Sagamiharashi",FALSE,5598,"StudentsAll"
2018,55,"VŠƒs","Niigatashi",FALSE,6254,"StudentsAll"
2018,56,"Ã‰ªs","Shizuokashi",FALSE,5090,"StudentsAll"
2018,57,"•l¼s","Hamamatsushi",FALSE,6807,"StudentsAll"
2018,58,"–¼ŒÃ‰®s","Nagoyashi",FALSE,16211,"StudentsAll"
2018,59,"‹“ss","Kyotoshi",FALSE,9515,"StudentsAll"
2018,60,"‘åãs","Osakashi",FALSE,15821,"StudentsAll"
2018,61,"äs","Sakaishi",FALSE,7224,"StudentsAll"
2018,62,"_ŒËs","Kobeshi",FALSE,11985,"StudentsAll"
2018,63,"‰ªRs","Okayamashi",FALSE,5738,"StudentsAll"
2018,64,"L“‡s","Hiroshimashi",FALSE,9627,"StudentsAll"
2018,65,"–k‹ãBs","Kitakyushushi",FALSE,7459,"StudentsAll"
2018,66,"•Ÿ‰ªs","Fukuokashi",FALSE,11943,"StudentsAll"
2018,67,"ŒF–{s","Kumamotoshi",FALSE,6353,"StudentsAll"
2018,1,"–kŠC“¹","Hokkaido",TRUE,7143,"GaibuApplicants"
2018,2,"ÂXŒ§","Aomoriken",TRUE,4768,"GaibuApplicants"
2018,3,"ŠâèŒ§","Iwateken",TRUE,6025,"GaibuApplicants"
2018,4,"‹{éŒ§","Miyagiken",TRUE,4488,"GaibuApplicants"
2018,5,"H“cŒ§","Akitaken",TRUE,7409,"GaibuApplicants"
2018,6,"RŒ`Œ§","Yamagataken",TRUE,3836,"GaibuApplicants"
2018,7,"•Ÿ“‡Œ§","Fukushimaken",TRUE,6882,"GaibuApplicants"
2018,8,"ˆïéŒ§","Ibarakiken",TRUE,11636,"GaibuApplicants"
2018,9,"“È–ØŒ§","Tochigiken",TRUE,6445,"GaibuApplicants"
2018,10,"ŒQ”nŒ§","Gummaken",TRUE,8366,"GaibuApplicants"
2018,11,"é‹ÊŒ§","Saitamaken",TRUE,24669,"GaibuApplicants"
2018,12,"ç—tŒ§","Chibaken",TRUE,19917,"GaibuApplicants"
2018,13,"“Œ‹“s","Tokyoto",TRUE,42831,"GaibuApplicants"
2018,14,"_“ŞìŒ§","Kanagawaken",TRUE,7358,"GaibuApplicants"
2018,15,"VŠƒŒ§","Niigataken",TRUE,3684,"GaibuApplicants"
2018,16,"•xRŒ§","Toyamaken",TRUE,2861,"GaibuApplicants"
2018,17,"ÎìŒ§","Ishikawaken",TRUE,4739,"GaibuApplicants"
2018,18,"•ŸˆäŒ§","Fukuiken",TRUE,6704,"GaibuApplicants"
2018,19,"R—œŒ§","Yamanashiken",TRUE,2287,"GaibuApplicants"
2018,20,"’·–ìŒ§","Naganoken",TRUE,6336,"GaibuApplicants"
2018,21,"Šò•ŒŒ§","Gifuken",TRUE,5864,"GaibuApplicants"
2018,22,"Ã‰ªŒ§","Shizuokaken",TRUE,6403,"GaibuApplicants"
2018,23,"ˆ¤’mŒ§","Aichiken",TRUE,12652,"GaibuApplicants"
2018,24,"OdŒ§","Mieken",TRUE,4786,"GaibuApplicants"
2018,25," ‰êŒ§","Shigaken",TRUE,5142,"GaibuApplicants"
2018,26,"‹“s•{","Kyotofu",TRUE,4592,"GaibuApplicants"
2018,27,"‘åã•{","Osakafu",TRUE,18278,"GaibuApplicants"
2018,28,"•ºŒÉŒ§","Hyogoken",TRUE,11195,"GaibuApplicants"
2018,29,"“Ş—ÇŒ§","Naraken",TRUE,2511,"GaibuApplicants"
2018,30,"˜a‰ÌRŒ§","Wakayamaken",TRUE,7381,"GaibuApplicants"
2018,31,"’¹æŒ§","Tottoriken",TRUE,1613,"GaibuApplicants"
2018,32,"“‡ªŒ§","Shimaneken",TRUE,1477,"GaibuApplicants"
2018,33,"‰ªRŒ§","Okayamaken",TRUE,4180,"GaibuApplicants"
2018,34,"L“‡Œ§","Hiroshimaken",TRUE,6210,"GaibuApplicants"
2018,35,"RŒûŒ§","Yamaguchiken",TRUE,3050,"GaibuApplicants"
2018,36,"“¿“‡Œ§","Tokushimaken",TRUE,3012,"GaibuApplicants"
2018,37,"ìŒ§","Kagawaken",TRUE,2521,"GaibuApplicants"
2018,38,"ˆ¤•QŒ§","Ehimeken",TRUE,4204,"GaibuApplicants"
2018,39,"‚’mŒ§","Kochiken",TRUE,3274,"GaibuApplicants"
2018,40,"•Ÿ‰ªŒ§","Fukuokaken",TRUE,11324,"GaibuApplicants"
2018,41,"²‰êŒ§","Sagaken",TRUE,2615,"GaibuApplicants"
2018,42,"’·èŒ§","Nagasakiken",TRUE,4047,"GaibuApplicants"
2018,43,"ŒF–{Œ§","Kumamotoken",TRUE,4389,"GaibuApplicants"
2018,44,"‘å•ªŒ§","Oitaken",TRUE,3652,"GaibuApplicants"
2018,45,"‹{èŒ§","Miyazakiken",TRUE,4766,"GaibuApplicants"
2018,46,"­™“‡Œ§","Kagoshimaken",TRUE,6662,"GaibuApplicants"
2018,47,"‰«“êŒ§","Okinawaken",TRUE,6263,"GaibuApplicants"
2018,48,"D–ys","Sapporoshi",FALSE,3861,"GaibuApplicants"
2018,49,"å‘äs","Sendaishi",FALSE,2227,"GaibuApplicants"
2018,50,"‚³‚¢‚½‚Üs","Saitamashi",FALSE,4891,"GaibuApplicants"
2018,51,"ç—ts","Chibashi",FALSE,3324,"GaibuApplicants"
2018,52,"ìès","Kawasakishi",FALSE,3359,"GaibuApplicants"
2018,53,"‰¡•ls","Yokohamashi",FALSE,25574,"GaibuApplicants"
2018,54,"‘Š–ÍŒ´s","Sagamiharashi",FALSE,1667,"GaibuApplicants"
2018,55,"VŠƒs","Niigatashi",FALSE,1615,"GaibuApplicants"
2018,56,"Ã‰ªs","Shizuokashi",FALSE,1223,"GaibuApplicants"
2018,57,"•l¼s","Hamamatsushi",FALSE,1366,"GaibuApplicants"
2018,58,"–¼ŒÃ‰®s","Nagoyashi",FALSE,4158,"GaibuApplicants"
2018,59,"‹“ss","Kyotoshi",FALSE,3427,"GaibuApplicants"
2018,60,"‘åãs","Osakashi",FALSE,11443,"GaibuApplicants"
2018,61,"äs","Sakaishi",FALSE,1535,"GaibuApplicants"
2018,62,"_ŒËs","Kobeshi",FALSE,2902,"GaibuApplicants"
2018,63,"‰ªRs","Okayamashi",FALSE,5443,"GaibuApplicants"
2018,64,"L“‡s","Hiroshimashi",FALSE,2859,"GaibuApplicants"
2018,65,"–k‹ãBs","Kitakyushushi",FALSE,2163,"GaibuApplicants"
2018,66,"•Ÿ‰ªs","Fukuokashi",FALSE,4336,"GaibuApplicants"
2018,67,"ŒF–{s","Kumamotoshi",FALSE,5990,"GaibuApplicants"
2018,1,"–kŠC“¹","Hokkaido",TRUE,3819,"GaibuPassed"
2018,2,"ÂXŒ§","Aomoriken",TRUE,2598,"GaibuPassed"
2018,3,"ŠâèŒ§","Iwateken",TRUE,2573,"GaibuPassed"
2018,4,"‹{éŒ§","Miyagiken",TRUE,2252,"GaibuPassed"
2018,5,"H“cŒ§","Akitaken",TRUE,2242,"GaibuPassed"
2018,6,"RŒ`Œ§","Yamagataken",TRUE,2156,"GaibuPassed"
2018,7,"•Ÿ“‡Œ§","Fukushimaken",TRUE,3522,"GaibuPassed"
2018,8,"ˆïéŒ§","Ibarakiken",TRUE,7077,"GaibuPassed"
2018,9,"“È–ØŒ§","Tochigiken",TRUE,4584,"GaibuPassed"
2018,10,"ŒQ”nŒ§","Gummaken",TRUE,4879,"GaibuPassed"
2018,11,"é‹ÊŒ§","Saitamaken",TRUE,14034,"GaibuPassed"
2018,12,"ç—tŒ§","Chibaken",TRUE,12889,"GaibuPassed"
2018,13,"“Œ‹“s","Tokyoto",TRUE,27654,"GaibuPassed"
2018,14,"_“ŞìŒ§","Kanagawaken",TRUE,5011,"GaibuPassed"
2018,15,"VŠƒŒ§","Niigataken",TRUE,2083,"GaibuPassed"
2018,16,"•xRŒ§","Toyamaken",TRUE,1961,"GaibuPassed"
2018,17,"ÎìŒ§","Ishikawaken",TRUE,3403,"GaibuPassed"
2018,18,"•ŸˆäŒ§","Fukuiken",TRUE,3770,"GaibuPassed"
2018,19,"R—œŒ§","Yamanashiken",TRUE,1460,"GaibuPassed"
2018,20,"’·–ìŒ§","Naganoken",TRUE,3851,"GaibuPassed"
2018,21,"Šò•ŒŒ§","Gifuken",TRUE,3749,"GaibuPassed"
2018,22,"Ã‰ªŒ§","Shizuokaken",TRUE,4471,"GaibuPassed"
2018,23,"ˆ¤’mŒ§","Aichiken",TRUE,8741,"GaibuPassed"
2018,24,"OdŒ§","Mieken",TRUE,2933,"GaibuPassed"
2018,25," ‰êŒ§","Shigaken",TRUE,2750,"GaibuPassed"
2018,26,"‹“s•{","Kyotofu",TRUE,2616,"GaibuPassed"
2018,27,"‘åã•{","Osakafu",TRUE,8112,"GaibuPassed"
2018,28,"•ºŒÉŒ§","Hyogoken",TRUE,6531,"GaibuPassed"
2018,29,"“Ş—ÇŒ§","Naraken",TRUE,1594,"GaibuPassed"
2018,30,"˜a‰ÌRŒ§","Wakayamaken",TRUE,2680,"GaibuPassed"
2018,31,"’¹æŒ§","Tottoriken",TRUE,915,"GaibuPassed"
2018,32,"“‡ªŒ§","Shimaneken",TRUE,845,"GaibuPassed"
2018,33,"‰ªRŒ§","Okayamaken",TRUE,2510,"GaibuPassed"
2018,34,"L“‡Œ§","Hiroshimaken",TRUE,3846,"GaibuPassed"
2018,35,"RŒûŒ§","Yamaguchiken",TRUE,1836,"GaibuPassed"
2018,36,"“¿“‡Œ§","Tokushimaken",TRUE,1576,"GaibuPassed"
2018,37,"ìŒ§","Kagawaken",TRUE,1646,"GaibuPassed"
2018,38,"ˆ¤•QŒ§","Ehimeken",TRUE,2606,"GaibuPassed"
2018,39,"‚’mŒ§","Kochiken",TRUE,757,"GaibuPassed"
2018,40,"•Ÿ‰ªŒ§","Fukuokaken",TRUE,5359,"GaibuPassed"
2018,41,"²‰êŒ§","Sagaken",TRUE,1574,"GaibuPassed"
2018,42,"’·èŒ§","Nagasakiken",TRUE,2491,"GaibuPassed"
2018,43,"ŒF–{Œ§","Kumamotoken",TRUE,2029,"GaibuPassed"
2018,44,"‘å•ªŒ§","Oitaken",TRUE,2186,"GaibuPassed"
2018,45,"‹{èŒ§","Miyazakiken",TRUE,2867,"GaibuPassed"
2018,46,"­™“‡Œ§","Kagoshimaken",TRUE,3396,"GaibuPassed"
2018,47,"‰«“êŒ§","Okinawaken",TRUE,3678,"GaibuPassed"
2018,48,"D–ys","Sapporoshi",FALSE,2230,"GaibuPassed"
2018,49,"å‘äs","Sendaishi",FALSE,1594,"GaibuPassed"
2018,50,"‚³‚¢‚½‚Üs","Saitamashi",FALSE,3623,"GaibuPassed"
2018,51,"ç—ts","Chibashi",FALSE,2243,"GaibuPassed"
2018,52,"ìès","Kawasakishi",FALSE,2253,"GaibuPassed"
2018,53,"‰¡•ls","Yokohamashi",FALSE,12851,"GaibuPassed"
2018,54,"‘Š–ÍŒ´s","Sagamiharashi",FALSE,988,"GaibuPassed"
2018,55,"VŠƒs","Niigatashi",FALSE,968,"GaibuPassed"
2018,56,"Ã‰ªs","Shizuokashi",FALSE,879,"GaibuPassed"
2018,57,"•l¼s","Hamamatsushi",FALSE,931,"GaibuPassed"
2018,58,"–¼ŒÃ‰®s","Nagoyashi",FALSE,2762,"GaibuPassed"
2018,59,"‹“ss","Kyotoshi",FALSE,2276,"GaibuPassed"
2018,60,"‘åãs","Osakashi",FALSE,2301,"GaibuPassed"
2018,61,"äs","Sakaishi",FALSE,840,"GaibuPassed"
2018,62,"_ŒËs","Kobeshi",FALSE,1863,"GaibuPassed"
2018,63,"‰ªRs","Okayamashi",FALSE,1999,"GaibuPassed"
2018,64,"L“‡s","Hiroshimashi",FALSE,2002,"GaibuPassed"
2018,65,"–k‹ãBs","Kitakyushushi",FALSE,1322,"GaibuPassed"
2018,66,"•Ÿ‰ªs","Fukuokashi",FALSE,3161,"GaibuPassed"
2018,67,"ŒF–{s","Kumamotoshi",FALSE,1065,"GaibuPassed"
2018,1,"–kŠC“¹","Hokkaido",TRUE,4421,"RegardedA1plus"
2018,2,"ÂXŒ§","Aomoriken",TRUE,1362,"RegardedA1plus"
2018,3,"ŠâèŒ§","Iwateken",TRUE,1426,"RegardedA1plus"
2018,4,"‹{éŒ§","Miyagiken",TRUE,2629,"RegardedA1plus"
2018,5,"H“cŒ§","Akitaken",TRUE,1496,"RegardedA1plus"
2018,6,"RŒ`Œ§","Yamagataken",TRUE,1343,"RegardedA1plus"
2018,7,"•Ÿ“‡Œ§","Fukushimaken",TRUE,2582,"RegardedA1plus"
2018,8,"ˆïéŒ§","Ibarakiken",TRUE,3484,"RegardedA1plus"
2018,9,"“È–ØŒ§","Tochigiken",TRUE,2995,"RegardedA1plus"
2018,10,"ŒQ”nŒ§","Gummaken",TRUE,2445,"RegardedA1plus"
2018,11,"é‹ÊŒ§","Saitamaken",TRUE,8425,"RegardedA1plus"
2018,12,"ç—tŒ§","Chibaken",TRUE,9232,"RegardedA1plus"
2018,13,"“Œ‹“s","Tokyoto",TRUE,12012,"RegardedA1plus"
2018,14,"_“ŞìŒ§","Kanagawaken",TRUE,5052,"RegardedA1plus"
2018,15,"VŠƒŒ§","Niigataken",TRUE,1863,"RegardedA1plus"
2018,16,"•xRŒ§","Toyamaken",TRUE,2182,"RegardedA1plus"
2018,17,"ÎìŒ§","Ishikawaken",TRUE,1802,"RegardedA1plus"
2018,18,"•ŸˆäŒ§","Fukuiken",TRUE,531,"RegardedA1plus"
2018,19,"R—œŒ§","Yamanashiken",TRUE,1068,"RegardedA1plus"
2018,20,"’·–ìŒ§","Naganoken",TRUE,3561,"RegardedA1plus"
2018,21,"Šò•ŒŒ§","Gifuken",TRUE,4682,"RegardedA1plus"
2018,22,"Ã‰ªŒ§","Shizuokaken",TRUE,3311,"RegardedA1plus"
2018,23,"ˆ¤’mŒ§","Aichiken",TRUE,8604,"RegardedA1plus"
2018,24,"OdŒ§","Mieken",TRUE,2857,"RegardedA1plus"
2018,25," ‰êŒ§","Shigaken",TRUE,2358,"RegardedA1plus"
2018,26,"‹“s•{","Kyotofu",TRUE,1689,"RegardedA1plus"
2018,27,"‘åã•{","Osakafu",TRUE,12429,"RegardedA1plus"
2018,28,"•ºŒÉŒ§","Hyogoken",TRUE,7348,"RegardedA1plus"
2018,29,"“Ş—ÇŒ§","Naraken",TRUE,2846,"RegardedA1plus"
2018,30,"˜a‰ÌRŒ§","Wakayamaken",TRUE,880,"RegardedA1plus"
2018,31,"’¹æŒ§","Tottoriken",TRUE,947,"RegardedA1plus"
2018,32,"“‡ªŒ§","Shimaneken",TRUE,1144,"RegardedA1plus"
2018,33,"‰ªRŒ§","Okayamaken",TRUE,1223,"RegardedA1plus"
2018,34,"L“‡Œ§","Hiroshimaken",TRUE,1975,"RegardedA1plus"
2018,35,"RŒûŒ§","Yamaguchiken",TRUE,2554,"RegardedA1plus"
2018,36,"“¿“‡Œ§","Tokushimaken",TRUE,1647,"RegardedA1plus"
2018,37,"ìŒ§","Kagawaken",TRUE,1303,"RegardedA1plus"
2018,38,"ˆ¤•QŒ§","Ehimeken",TRUE,2011,"RegardedA1plus"
2018,39,"‚’mŒ§","Kochiken",TRUE,875,"RegardedA1plus"
2018,40,"•Ÿ‰ªŒ§","Fukuokaken",TRUE,4345,"RegardedA1plus"
2018,41,"²‰êŒ§","Sagaken",TRUE,880,"RegardedA1plus"
2018,42,"’·èŒ§","Nagasakiken",TRUE,2575,"RegardedA1plus"
2018,43,"ŒF–{Œ§","Kumamotoken",TRUE,1720,"RegardedA1plus"
2018,44,"‘å•ªŒ§","Oitaken",TRUE,1672,"RegardedA1plus"
2018,45,"‹{èŒ§","Miyazakiken",TRUE,811,"RegardedA1plus"
2018,46,"­™“‡Œ§","Kagoshimaken",TRUE,2074,"RegardedA1plus"
2018,47,"‰«“êŒ§","Okinawaken",TRUE,2015,"RegardedA1plus"
2018,48,"D–ys","Sapporoshi",FALSE,2777,"RegardedA1plus"
2018,49,"å‘äs","Sendaishi",FALSE,2134,"RegardedA1plus"
2018,50,"‚³‚¢‚½‚Üs","Saitamashi",FALSE,4114,"RegardedA1plus"
2018,51,"ç—ts","Chibashi",FALSE,1363,"RegardedA1plus"
2018,52,"ìès","Kawasakishi",FALSE,1822,"RegardedA1plus"
2018,53,"‰¡•ls","Yokohamashi",FALSE,2247,"RegardedA1plus"
2018,54,"‘Š–ÍŒ´s","Sagamiharashi",FALSE,1050,"RegardedA1plus"
2018,55,"VŠƒs","Niigatashi",FALSE,1430,"RegardedA1plus"
2018,56,"Ã‰ªs","Shizuokashi",FALSE,1005,"RegardedA1plus"
2018,57,"•l¼s","Hamamatsushi",FALSE,1193,"RegardedA1plus"
2018,58,"–¼ŒÃ‰®s","Nagoyashi",FALSE,3054,"RegardedA1plus"
2018,59,"‹“ss","Kyotoshi",FALSE,2065,"RegardedA1plus"
2018,60,"‘åãs","Osakashi",FALSE,6060,"RegardedA1plus"
2018,61,"äs","Sakaishi",FALSE,2092,"RegardedA1plus"
2018,62,"_ŒËs","Kobeshi",FALSE,1912,"RegardedA1plus"
2018,63,"‰ªRs","Okayamashi",FALSE,359,"RegardedA1plus"
2018,64,"L“‡s","Hiroshimashi",FALSE,2569,"RegardedA1plus"
2018,65,"–k‹ãBs","Kitakyushushi",FALSE,2219,"RegardedA1plus"
2018,66,"•Ÿ‰ªs","Fukuokashi",FALSE,2921,"RegardedA1plus"
2018,67,"ŒF–{s","Kumamotoshi",FALSE,2212,"RegardedA1plus"
2019,1,"–kŠC“¹","Hokkaido",TRUE,26445,"StudentsAll"
2019,2,"ÂXŒ§","Aomoriken",TRUE,10437,"StudentsAll"
2019,3,"ŠâèŒ§","Iwateken",TRUE,10422,"StudentsAll"
2019,4,"‹{éŒ§","Miyagiken",TRUE,11000,"StudentsAll"
2019,5,"H“cŒ§","Akitaken",TRUE,7608,"StudentsAll"
2019,6,"RŒ`Œ§","Yamagataken",TRUE,9427,"StudentsAll"
2019,7,"•Ÿ“‡Œ§","Fukushimaken",TRUE,16144,"StudentsAll"
2019,8,"ˆïéŒ§","Ibarakiken",TRUE,24822,"StudentsAll"
2019,9,"“È–ØŒ§","Tochigiken",TRUE,17037,"StudentsAll"
2019,10,"ŒQ”nŒ§","Gummaken",TRUE,17264,"StudentsAll"
2019,11,"é‹ÊŒ§","Saitamaken",TRUE,48359,"StudentsAll"
2019,12,"ç—tŒ§","Chibaken",TRUE,42135,"StudentsAll"
2019,13,"“Œ‹“s","Tokyoto",TRUE,75932,"StudentsAll"
2019,14,"_“ŞìŒ§","Kanagawaken",TRUE,25984,"StudentsAll"
2019,15,"VŠƒŒ§","Niigataken",TRUE,12236,"StudentsAll"
2019,16,"•xRŒ§","Toyamaken",TRUE,9039,"StudentsAll"
2019,17,"ÎìŒ§","Ishikawaken",TRUE,9885,"StudentsAll"
2019,18,"•ŸˆäŒ§","Fukuiken",TRUE,6958,"StudentsAll"
2019,19,"R—œŒ§","Yamanashiken",TRUE,6837,"StudentsAll"
2019,20,"’·–ìŒ§","Naganoken",TRUE,18265,"StudentsAll"
2019,21,"Šò•ŒŒ§","Gifuken",TRUE,17865,"StudentsAll"
2019,22,"Ã‰ªŒ§","Shizuokaken",TRUE,19015,"StudentsAll"
2019,23,"ˆ¤’mŒ§","Aichiken",TRUE,48964,"StudentsAll"
2019,24,"OdŒ§","Mieken",TRUE,15441,"StudentsAll"
2019,25," ‰êŒ§","Shigaken",TRUE,13047,"StudentsAll"
2019,26,"‹“s•{","Kyotofu",TRUE,9811,"StudentsAll"
2019,27,"‘åã•{","Osakafu",TRUE,44445,"StudentsAll"
2019,28,"•ºŒÉŒ§","Hyogoken",TRUE,33150,"StudentsAll"
2019,29,"“Ş—ÇŒ§","Naraken",TRUE,10556,"StudentsAll"
2019,30,"˜a‰ÌRŒ§","Wakayamaken",TRUE,7271,"StudentsAll"
2019,31,"’¹æŒ§","Tottoriken",TRUE,4799,"StudentsAll"
2019,32,"“‡ªŒ§","Shimaneken",TRUE,5721,"StudentsAll"
2019,33,"‰ªRŒ§","Okayamaken",TRUE,10416,"StudentsAll"
2019,34,"L“‡Œ§","Hiroshimaken",TRUE,12865,"StudentsAll"
2019,35,"RŒûŒ§","Yamaguchiken",TRUE,10994,"StudentsAll"
2019,36,"“¿“‡Œ§","Tokushimaken",TRUE,5958,"StudentsAll"
2019,37,"ìŒ§","Kagawaken",TRUE,8409,"StudentsAll"
2019,38,"ˆ¤•QŒ§","Ehimeken",TRUE,11156,"StudentsAll"
2019,39,"‚’mŒ§","Kochiken",TRUE,4562,"StudentsAll"
2019,40,"•Ÿ‰ªŒ§","Fukuokaken",TRUE,23153,"StudentsAll"
2019,41,"²‰êŒ§","Sagaken",TRUE,7459,"StudentsAll"
2019,42,"’·èŒ§","Nagasakiken",TRUE,11385,"StudentsAll"
2019,43,"ŒF–{Œ§","Kumamotoken",TRUE,9130,"StudentsAll"
2019,44,"‘å•ªŒ§","Oitaken",TRUE,9445,"StudentsAll"
2019,45,"‹{èŒ§","Miyazakiken",TRUE,9380,"StudentsAll"
2019,46,"­™“‡Œ§","Kagoshimaken",TRUE,14322,"StudentsAll"
2019,47,"‰«“êŒ§","Okinawaken",TRUE,14963,"StudentsAll"
2019,48,"D–ys","Sapporoshi",FALSE,14118,"StudentsAll"
2019,49,"å‘äs","Sendaishi",FALSE,8139,"StudentsAll"
2019,50,"‚³‚¢‚½‚Üs","Saitamashi",FALSE,10446,"StudentsAll"
2019,51,"ç—ts","Chibashi",FALSE,7843,"StudentsAll"
2019,52,"ìès","Kawasakishi",FALSE,9737,"StudentsAll"
2019,53,"‰¡•ls","Yokohamashi",FALSE,26164,"StudentsAll"
2019,54,"‘Š–ÍŒ´s","Sagamiharashi",FALSE,5474,"StudentsAll"
2019,55,"VŠƒs","Niigatashi",FALSE,6350,"StudentsAll"
2019,56,"Ã‰ªs","Shizuokashi",FALSE,5108,"StudentsAll"
2019,57,"•l¼s","Hamamatsushi",FALSE,6729,"StudentsAll"
2019,58,"–¼ŒÃ‰®s","Nagoyashi",FALSE,16496,"StudentsAll"
2019,59,"‹“ss","Kyotoshi",FALSE,9267,"StudentsAll"
2019,60,"‘åãs","Osakashi",FALSE,17010,"StudentsAll"
2019,61,"äs","Sakaishi",FALSE,7082,"StudentsAll"
2019,62,"_ŒËs","Kobeshi",FALSE,11453,"StudentsAll"
2019,63,"‰ªRs","Okayamashi",FALSE,5740,"StudentsAll"
2019,64,"L“‡s","Hiroshimashi",FALSE,9429,"StudentsAll"
2019,65,"–k‹ãBs","Kitakyushushi",FALSE,7477,"StudentsAll"
2019,66,"•Ÿ‰ªs","Fukuokashi",FALSE,11844,"StudentsAll"
2019,67,"ŒF–{s","Kumamotoshi",FALSE,6156,"StudentsAll"
2019,1,"–kŠC“¹","Hokkaido",TRUE,7740,"GaibuApplicants"
2019,2,"ÂXŒ§","Aomoriken",TRUE,4568,"GaibuApplicants"
2019,3,"ŠâèŒ§","Iwateken",TRUE,6151,"GaibuApplicants"
2019,4,"‹{éŒ§","Miyagiken",TRUE,3522,"GaibuApplicants"
2019,5,"H“cŒ§","Akitaken",TRUE,7147,"GaibuApplicants"
2019,6,"RŒ`Œ§","Yamagataken",TRUE,3955,"GaibuApplicants"
2019,7,"•Ÿ“‡Œ§","Fukushimaken",TRUE,7082,"GaibuApplicants"
2019,8,"ˆïéŒ§","Ibarakiken",TRUE,12032,"GaibuApplicants"
2019,9,"“È–ØŒ§","Tochigiken",TRUE,6295,"GaibuApplicants"
2019,10,"ŒQ”nŒ§","Gummaken",TRUE,8359,"GaibuApplicants"
2019,11,"é‹ÊŒ§","Saitamaken",TRUE,24209,"GaibuApplicants"
2019,12,"ç—tŒ§","Chibaken",TRUE,21252,"GaibuApplicants"
2019,13,"“Œ‹“s","Tokyoto",TRUE,44226,"GaibuApplicants"
2019,14,"_“ŞìŒ§","Kanagawaken",TRUE,7260,"GaibuApplicants"
2019,15,"VŠƒŒ§","Niigataken",TRUE,3768,"GaibuApplicants"
2019,16,"•xRŒ§","Toyamaken",TRUE,2916,"GaibuApplicants"
2019,17,"ÎìŒ§","Ishikawaken",TRUE,5270,"GaibuApplicants"
2019,18,"•ŸˆäŒ§","Fukuiken",TRUE,6661,"GaibuApplicants"
2019,19,"R—œŒ§","Yamanashiken",TRUE,2325,"GaibuApplicants"
2019,20,"’·–ìŒ§","Naganoken",TRUE,6070,"GaibuApplicants"
2019,21,"Šò•ŒŒ§","Gifuken",TRUE,7568,"GaibuApplicants"
2019,22,"Ã‰ªŒ§","Shizuokaken",TRUE,6438,"GaibuApplicants"
2019,23,"ˆ¤’mŒ§","Aichiken",TRUE,12704,"GaibuApplicants"
2019,24,"OdŒ§","Mieken",TRUE,5686,"GaibuApplicants"
2019,25," ‰êŒ§","Shigaken",TRUE,7036,"GaibuApplicants"
2019,26,"‹“s•{","Kyotofu",TRUE,4396,"GaibuApplicants"
2019,27,"‘åã•{","Osakafu",TRUE,19239,"GaibuApplicants"
2019,28,"•ºŒÉŒ§","Hyogoken",TRUE,10608,"GaibuApplicants"
2019,29,"“Ş—ÇŒ§","Naraken",TRUE,2510,"GaibuApplicants"
2019,30,"˜a‰ÌRŒ§","Wakayamaken",TRUE,6946,"GaibuApplicants"
2019,31,"’¹æŒ§","Tottoriken",TRUE,1526,"GaibuApplicants"
2019,32,"“‡ªŒ§","Shimaneken",TRUE,1518,"GaibuApplicants"
2019,33,"‰ªRŒ§","Okayamaken",TRUE,4049,"GaibuApplicants"
2019,34,"L“‡Œ§","Hiroshimaken",TRUE,6242,"GaibuApplicants"
2019,35,"RŒûŒ§","Yamaguchiken",TRUE,3952,"GaibuApplicants"
2019,36,"“¿“‡Œ§","Tokushimaken",TRUE,2460,"GaibuApplicants"
2019,37,"ìŒ§","Kagawaken",TRUE,2354,"GaibuApplicants"
2019,38,"ˆ¤•QŒ§","Ehimeken",TRUE,3980,"GaibuApplicants"
2019,39,"‚’mŒ§","Kochiken",TRUE,3203,"GaibuApplicants"
2019,40,"•Ÿ‰ªŒ§","Fukuokaken",TRUE,12101,"GaibuApplicants"
2019,41,"²‰êŒ§","Sagaken",TRUE,2819,"GaibuApplicants"
2019,42,"’·èŒ§","Nagasakiken",TRUE,4112,"GaibuApplicants"
2019,43,"ŒF–{Œ§","Kumamotoken",TRUE,5174,"GaibuApplicants"
2019,44,"‘å•ªŒ§","Oitaken",TRUE,3657,"GaibuApplicants"
2019,45,"‹{èŒ§","Miyazakiken",TRUE,4585,"GaibuApplicants"
2019,46,"­™“‡Œ§","Kagoshimaken",TRUE,6380,"GaibuApplicants"
2019,47,"‰«“êŒ§","Okinawaken",TRUE,6267,"GaibuApplicants"
2019,48,"D–ys","Sapporoshi",FALSE,4809,"GaibuApplicants"
2019,49,"å‘äs","Sendaishi",FALSE,2153,"GaibuApplicants"
2019,50,"‚³‚¢‚½‚Üs","Saitamashi",FALSE,9965,"GaibuApplicants"
2019,51,"ç—ts","Chibashi",FALSE,3063,"GaibuApplicants"
2019,52,"ìès","Kawasakishi",FALSE,3788,"GaibuApplicants"
2019,53,"‰¡•ls","Yokohamashi",FALSE,24802,"GaibuApplicants"
2019,54,"‘Š–ÍŒ´s","Sagamiharashi",FALSE,1445,"GaibuApplicants"
2019,55,"VŠƒs","Niigatashi",FALSE,1827,"GaibuApplicants"
2019,56,"Ã‰ªs","Shizuokashi",FALSE,1278,"GaibuApplicants"
2019,57,"•l¼s","Hamamatsushi",FALSE,1464,"GaibuApplicants"
2019,58,"–¼ŒÃ‰®s","Nagoyashi",FALSE,4291,"GaibuApplicants"
2019,59,"‹“ss","Kyotoshi",FALSE,4007,"GaibuApplicants"
2019,60,"‘åãs","Osakashi",FALSE,15160,"GaibuApplicants"
2019,61,"äs","Sakaishi",FALSE,1532,"GaibuApplicants"
2019,62,"_ŒËs","Kobeshi",FALSE,3272,"GaibuApplicants"
2019,63,"‰ªRs","Okayamashi",FALSE,2055,"GaibuApplicants"
2019,64,"L“‡s","Hiroshimashi",FALSE,2680,"GaibuApplicants"
2019,65,"–k‹ãBs","Kitakyushushi",FALSE,2261,"GaibuApplicants"
2019,66,"•Ÿ‰ªs","Fukuokashi",FALSE,4623,"GaibuApplicants"
2019,67,"ŒF–{s","Kumamotoshi",FALSE,5836,"GaibuApplicants"
2019,1,"–kŠC“¹","Hokkaido",TRUE,4045,"GaibuPassed"
2019,2,"ÂXŒ§","Aomoriken",TRUE,2736,"GaibuPassed"
2019,3,"ŠâèŒ§","Iwateken",TRUE,2475,"GaibuPassed"
2019,4,"‹{éŒ§","Miyagiken",TRUE,1674,"GaibuPassed"
2019,5,"H“cŒ§","Akitaken",TRUE,1863,"GaibuPassed"
2019,6,"RŒ`Œ§","Yamagataken",TRUE,1909,"GaibuPassed"
2019,7,"•Ÿ“‡Œ§","Fukushimaken",TRUE,3285,"GaibuPassed"
2019,8,"ˆïéŒ§","Ibarakiken",TRUE,7294,"GaibuPassed"
2019,9,"“È–ØŒ§","Tochigiken",TRUE,4264,"GaibuPassed"
2019,10,"ŒQ”nŒ§","Gummaken",TRUE,5042,"GaibuPassed"
2019,11,"é‹ÊŒ§","Saitamaken",TRUE,14325,"GaibuPassed"
2019,12,"ç—tŒ§","Chibaken",TRUE,12938,"GaibuPassed"
2019,13,"“Œ‹“s","Tokyoto",TRUE,27952,"GaibuPassed"
2019,14,"_“ŞìŒ§","Kanagawaken",TRUE,4982,"GaibuPassed"
2019,15,"VŠƒŒ§","Niigataken",TRUE,2093,"GaibuPassed"
2019,16,"•xRŒ§","Toyamaken",TRUE,1955,"GaibuPassed"
2019,17,"ÎìŒ§","Ishikawaken",TRUE,3174,"GaibuPassed"
2019,18,"•ŸˆäŒ§","Fukuiken",TRUE,3768,"GaibuPassed"
2019,19,"R—œŒ§","Yamanashiken",TRUE,1316,"GaibuPassed"
2019,20,"’·–ìŒ§","Naganoken",TRUE,3895,"GaibuPassed"
2019,21,"Šò•ŒŒ§","Gifuken",TRUE,5616,"GaibuPassed"
2019,22,"Ã‰ªŒ§","Shizuokaken",TRUE,4227,"GaibuPassed"
2019,23,"ˆ¤’mŒ§","Aichiken",TRUE,8394,"GaibuPassed"
2019,24,"OdŒ§","Mieken",TRUE,2954,"GaibuPassed"
2019,25," ‰êŒ§","Shigaken",TRUE,3038,"GaibuPassed"
2019,26,"‹“s•{","Kyotofu",TRUE,2447,"GaibuPassed"
2019,27,"‘åã•{","Osakafu",TRUE,8563,"GaibuPassed"
2019,28,"•ºŒÉŒ§","Hyogoken",TRUE,6637,"GaibuPassed"
2019,29,"“Ş—ÇŒ§","Naraken",TRUE,1518,"GaibuPassed"
2019,30,"˜a‰ÌRŒ§","Wakayamaken",TRUE,2519,"GaibuPassed"
2019,31,"’¹æŒ§","Tottoriken",TRUE,929,"GaibuPassed"
2019,32,"“‡ªŒ§","Shimaneken",TRUE,872,"GaibuPassed"
2019,33,"‰ªRŒ§","Okayamaken",TRUE,2918,"GaibuPassed"
2019,34,"L“‡Œ§","Hiroshimaken",TRUE,3642,"GaibuPassed"
2019,35,"RŒûŒ§","Yamaguchiken",TRUE,2632,"GaibuPassed"
2019,36,"“¿“‡Œ§","Tokushimaken",TRUE,1545,"GaibuPassed"
2019,37,"ìŒ§","Kagawaken",TRUE,1450,"GaibuPassed"
2019,38,"ˆ¤•QŒ§","Ehimeken",TRUE,2588,"GaibuPassed"
2019,39,"‚’mŒ§","Kochiken",TRUE,803,"GaibuPassed"
2019,40,"•Ÿ‰ªŒ§","Fukuokaken",TRUE,5301,"GaibuPassed"
2019,41,"²‰êŒ§","Sagaken",TRUE,1710,"GaibuPassed"
2019,42,"’·èŒ§","Nagasakiken",TRUE,2525,"GaibuPassed"
2019,43,"ŒF–{Œ§","Kumamotoken",TRUE,2475,"GaibuPassed"
2019,44,"‘å•ªŒ§","Oitaken",TRUE,2021,"GaibuPassed"
2019,45,"‹{èŒ§","Miyazakiken",TRUE,2721,"GaibuPassed"
2019,46,"­™“‡Œ§","Kagoshimaken",TRUE,3395,"GaibuPassed"
2019,47,"‰«“êŒ§","Okinawaken",TRUE,3227,"GaibuPassed"
2019,48,"D–ys","Sapporoshi",FALSE,2653,"GaibuPassed"
2019,49,"å‘äs","Sendaishi",FALSE,1473,"GaibuPassed"
2019,50,"‚³‚¢‚½‚Üs","Saitamashi",FALSE,6785,"GaibuPassed"
2019,51,"ç—ts","Chibashi",FALSE,2179,"GaibuPassed"
2019,52,"ìès","Kawasakishi",FALSE,2501,"GaibuPassed"
2019,53,"‰¡•ls","Yokohamashi",FALSE,12919,"GaibuPassed"
2019,54,"‘Š–ÍŒ´s","Sagamiharashi",FALSE,925,"GaibuPassed"
2019,55,"VŠƒs","Niigatashi",FALSE,1294,"GaibuPassed"
2019,56,"Ã‰ªs","Shizuokashi",FALSE,987,"GaibuPassed"
2019,57,"•l¼s","Hamamatsushi",FALSE,1064,"GaibuPassed"
2019,58,"–¼ŒÃ‰®s","Nagoyashi",FALSE,2889,"GaibuPassed"
2019,59,"‹“ss","Kyotoshi",FALSE,2864,"GaibuPassed"
2019,60,"‘åãs","Osakashi",FALSE,3617,"GaibuPassed"
2019,61,"äs","Sakaishi",FALSE,942,"GaibuPassed"
2019,62,"_ŒËs","Kobeshi",FALSE,2129,"GaibuPassed"
2019,63,"‰ªRs","Okayamashi",FALSE,1297,"GaibuPassed"
2019,64,"L“‡s","Hiroshimashi",FALSE,1854,"GaibuPassed"
2019,65,"–k‹ãBs","Kitakyushushi",FALSE,1344,"GaibuPassed"
2019,66,"•Ÿ‰ªs","Fukuokashi",FALSE,3227,"GaibuPassed"
2019,67,"ŒF–{s","Kumamotoshi",FALSE,1114,"GaibuPassed"
2019,1,"–kŠC“¹","Hokkaido",TRUE,5612,"RegardedA1plus"
2019,2,"ÂXŒ§","Aomoriken",TRUE,1346,"RegardedA1plus"
2019,3,"ŠâèŒ§","Iwateken",TRUE,1618,"RegardedA1plus"
2019,4,"‹{éŒ§","Miyagiken",TRUE,2534,"RegardedA1plus"
2019,5,"H“cŒ§","Akitaken",TRUE,1112,"RegardedA1plus"
2019,6,"RŒ`Œ§","Yamagataken",TRUE,1373,"RegardedA1plus"
2019,7,"•Ÿ“‡Œ§","Fukushimaken",TRUE,2738,"RegardedA1plus"
2019,8,"ˆïéŒ§","Ibarakiken",TRUE,4706,"RegardedA1plus"
2019,9,"“È–ØŒ§","Tochigiken",TRUE,3088,"RegardedA1plus"
2019,10,"ŒQ”nŒ§","Gummaken",TRUE,2589,"RegardedA1plus"
2019,11,"é‹ÊŒ§","Saitamaken",TRUE,7832,"RegardedA1plus"
2019,12,"ç—tŒ§","Chibaken",TRUE,9620,"RegardedA1plus"
2019,13,"“Œ‹“s","Tokyoto",TRUE,11266,"RegardedA1plus"
2019,14,"_“ŞìŒ§","Kanagawaken",TRUE,4787,"RegardedA1plus"
2019,15,"VŠƒŒ§","Niigataken",TRUE,2168,"RegardedA1plus"
2019,16,"•xRŒ§","Toyamaken",TRUE,2219,"RegardedA1plus"
2019,17,"ÎìŒ§","Ishikawaken",TRUE,1647,"RegardedA1plus"
2019,18,"•ŸˆäŒ§","Fukuiken",TRUE,504,"RegardedA1plus"
2019,19,"R—œŒ§","Yamanashiken",TRUE,1110,"RegardedA1plus"
2019,20,"’·–ìŒ§","Naganoken",TRUE,4060,"RegardedA1plus"
2019,21,"Šò•ŒŒ§","Gifuken",TRUE,4757,"RegardedA1plus"
2019,22,"Ã‰ªŒ§","Shizuokaken",TRUE,2975,"RegardedA1plus"
2019,23,"ˆ¤’mŒ§","Aichiken",TRUE,7063,"RegardedA1plus"
2019,24,"OdŒ§","Mieken",TRUE,2770,"RegardedA1plus"
2019,25," ‰êŒ§","Shigaken",TRUE,1926,"RegardedA1plus"
2019,26,"‹“s•{","Kyotofu",TRUE,1459,"RegardedA1plus"
2019,27,"‘åã•{","Osakafu",TRUE,12287,"RegardedA1plus"
2019,28,"•ºŒÉŒ§","Hyogoken",TRUE,6699,"RegardedA1plus"
2019,29,"“Ş—ÇŒ§","Naraken",TRUE,2977,"RegardedA1plus"
2019,30,"˜a‰ÌRŒ§","Wakayamaken",TRUE,563,"RegardedA1plus"
2019,31,"’¹æŒ§","Tottoriken",TRUE,931,"RegardedA1plus"
2019,32,"“‡ªŒ§","Shimaneken",TRUE,1081,"RegardedA1plus"
2019,33,"‰ªRŒ§","Okayamaken",TRUE,1703,"RegardedA1plus"
2019,34,"L“‡Œ§","Hiroshimaken",TRUE,2034,"RegardedA1plus"
2019,35,"RŒûŒ§","Yamaguchiken",TRUE,2012,"RegardedA1plus"
2019,36,"“¿“‡Œ§","Tokushimaken",TRUE,1371,"RegardedA1plus"
2019,37,"ìŒ§","Kagawaken",TRUE,1485,"RegardedA1plus"
2019,38,"ˆ¤•QŒ§","Ehimeken",TRUE,2201,"RegardedA1plus"
2019,39,"‚’mŒ§","Kochiken",TRUE,865,"RegardedA1plus"
2019,40,"•Ÿ‰ªŒ§","Fukuokaken",TRUE,4464,"RegardedA1plus"
2019,41,"²‰êŒ§","Sagaken",TRUE,1053,"RegardedA1plus"
2019,42,"’·èŒ§","Nagasakiken",TRUE,2214,"RegardedA1plus"
2019,43,"ŒF–{Œ§","Kumamotoken",TRUE,1224,"RegardedA1plus"
2019,44,"‘å•ªŒ§","Oitaken",TRUE,1585,"RegardedA1plus"
2019,45,"‹{èŒ§","Miyazakiken",TRUE,1153,"RegardedA1plus"
2019,46,"­™“‡Œ§","Kagoshimaken",TRUE,1852,"RegardedA1plus"
2019,47,"‰«“êŒ§","Okinawaken",TRUE,1934,"RegardedA1plus"
2019,48,"D–ys","Sapporoshi",FALSE,3258,"RegardedA1plus"
2019,49,"å‘äs","Sendaishi",FALSE,2009,"RegardedA1plus"
2019,50,"‚³‚¢‚½‚Üs","Saitamashi",FALSE,1258,"RegardedA1plus"
2019,51,"ç—ts","Chibashi",FALSE,1286,"RegardedA1plus"
2019,52,"ìès","Kawasakishi",FALSE,1732,"RegardedA1plus"
2019,53,"‰¡•ls","Yokohamashi",FALSE,1994,"RegardedA1plus"
2019,54,"‘Š–ÍŒ´s","Sagamiharashi",FALSE,1130,"RegardedA1plus"
2019,55,"VŠƒs","Niigatashi",FALSE,1491,"RegardedA1plus"
2019,56,"Ã‰ªs","Shizuokashi",FALSE,1134,"RegardedA1plus"
2019,57,"•l¼s","Hamamatsushi",FALSE,1436,"RegardedA1plus"
2019,58,"–¼ŒÃ‰®s","Nagoyashi",FALSE,2893,"RegardedA1plus"
2019,59,"‹“ss","Kyotoshi",FALSE,1633,"RegardedA1plus"
2019,60,"‘åãs","Osakashi",FALSE,5568,"RegardedA1plus"
2019,61,"äs","Sakaishi",FALSE,2327,"RegardedA1plus"
2019,62,"_ŒËs","Kobeshi",FALSE,3610,"RegardedA1plus"
2019,63,"‰ªRs","Okayamashi",FALSE,1109,"RegardedA1plus"
2019,64,"L“‡s","Hiroshimashi",FALSE,2673,"RegardedA1plus"
2019,65,"–k‹ãBs","Kitakyushushi",FALSE,2291,"RegardedA1plus"
2019,66,"•Ÿ‰ªs","Fukuokashi",FALSE,3295,"RegardedA1plus"
2019,67,"ŒF–{s","Kumamotoshi",FALSE,2261,"RegardedA1plus"
2021,1,"–kŠC“¹","Hokkaido",TRUE,25621,"StudentsAll"
2021,2,"ÂXŒ§","Aomoriken",TRUE,9836,"StudentsAll"
2021,3,"ŠâèŒ§","Iwateken",TRUE,10096,"StudentsAll"
2021,4,"‹{éŒ§","Miyagiken",TRUE,10702,"StudentsAll"
2021,5,"H“cŒ§","Akitaken",TRUE,7373,"StudentsAll"
2021,6,"RŒ`Œ§","Yamagataken",TRUE,9187,"StudentsAll"
2021,7,"•Ÿ“‡Œ§","Fukushimaken",TRUE,15292,"StudentsAll"
2021,8,"ˆïéŒ§","Ibarakiken",TRUE,24341,"StudentsAll"
2021,9,"“È–ØŒ§","Tochigiken",TRUE,16662,"StudentsAll"
2021,10,"ŒQ”nŒ§","Gummaken",TRUE,16880,"StudentsAll"
2021,11,"é‹ÊŒ§","Saitamaken",TRUE,48436,"StudentsAll"
2021,12,"ç—tŒ§","Chibaken",TRUE,41451,"StudentsAll"
2021,13,"“Œ‹“s","Tokyoto",TRUE,76784,"StudentsAll"
2021,14,"_“ŞìŒ§","Kanagawaken",TRUE,25631,"StudentsAll"
2021,15,"VŠƒŒ§","Niigataken",TRUE,11952,"StudentsAll"
2021,16,"•xRŒ§","Toyamaken",TRUE,8653,"StudentsAll"
2021,17,"ÎìŒ§","Ishikawaken",TRUE,9777,"StudentsAll"
2021,18,"•ŸˆäŒ§","Fukuiken",TRUE,6934,"StudentsAll"
2021,19,"R—œŒ§","Yamanashiken",TRUE,6577,"StudentsAll"
2021,20,"’·–ìŒ§","Naganoken",TRUE,18048,"StudentsAll"
2021,21,"Šò•ŒŒ§","Gifuken",TRUE,17755,"StudentsAll"
2021,22,"Ã‰ªŒ§","Shizuokaken",TRUE,18641,"StudentsAll"
2021,23,"ˆ¤’mŒ§","Aichiken",TRUE,49039,"StudentsAll"
2021,24,"OdŒ§","Mieken",TRUE,15198,"StudentsAll"
2021,25," ‰êŒ§","Shigaken",TRUE,13143,"StudentsAll"
2021,26,"‹“s•{","Kyotofu",TRUE,9885,"StudentsAll"
2021,27,"‘åã•{","Osakafu",TRUE,42625,"StudentsAll"
2021,28,"•ºŒÉŒ§","Hyogoken",TRUE,32324,"StudentsAll"
2021,29,"“Ş—ÇŒ§","Naraken",TRUE,10517,"StudentsAll"
2021,30,"˜a‰ÌRŒ§","Wakayamaken",TRUE,7094,"StudentsAll"
2021,31,"’¹æŒ§","Tottoriken",TRUE,4681,"StudentsAll"
2021,32,"“‡ªŒ§","Shimaneken",TRUE,5707,"StudentsAll"
2021,33,"‰ªRŒ§","Okayamaken",TRUE,10358,"StudentsAll"
2021,34,"L“‡Œ§","Hiroshimaken",TRUE,12812,"StudentsAll"
2021,35,"RŒûŒ§","Yamaguchiken",TRUE,10744,"StudentsAll"
2021,36,"“¿“‡Œ§","Tokushimaken",TRUE,5757,"StudentsAll"
2021,37,"ìŒ§","Kagawaken",TRUE,7954,"StudentsAll"
2021,38,"ˆ¤•QŒ§","Ehimeken",TRUE,11064,"StudentsAll"
2021,39,"‚’mŒ§","Kochiken",TRUE,4692,"StudentsAll"
2021,40,"•Ÿ‰ªŒ§","Fukuokaken",TRUE,23517,"StudentsAll"
2021,41,"²‰êŒ§","Sagaken",TRUE,7476,"StudentsAll"
2021,42,"’·èŒ§","Nagasakiken",TRUE,11114,"StudentsAll"
2021,43,"ŒF–{Œ§","Kumamotoken",TRUE,8906,"StudentsAll"
2021,44,"‘å•ªŒ§","Oitaken",TRUE,9621,"StudentsAll"
2021,45,"‹{èŒ§","Miyazakiken",TRUE,9253,"StudentsAll"
2021,46,"­™“‡Œ§","Kagoshimaken",TRUE,14312,"StudentsAll"
2021,47,"‰«“êŒ§","Okinawaken",TRUE,15480,"StudentsAll"
2021,48,"D–ys","Sapporoshi",FALSE,14287,"StudentsAll"
2021,49,"å‘äs","Sendaishi",FALSE,8270,"StudentsAll"
2021,50,"‚³‚¢‚½‚Üs","Saitamashi",FALSE,10414,"StudentsAll"
2021,51,"ç—ts","Chibashi",FALSE,7583,"StudentsAll"
2021,52,"ìès","Kawasakishi",FALSE,9828,"StudentsAll"
2021,53,"‰¡•ls","Yokohamashi",FALSE,25894,"StudentsAll"
2021,54,"‘Š–ÍŒ´s","Sagamiharashi",FALSE,5565,"StudentsAll"
2021,55,"VŠƒs","Niigatashi",FALSE,6343,"StudentsAll"
2021,56,"Ã‰ªs","Shizuokashi",FALSE,4859,"StudentsAll"
2021,57,"•l¼s","Hamamatsushi",FALSE,6718,"StudentsAll"
2021,58,"–¼ŒÃ‰®s","Nagoyashi",FALSE,16595,"StudentsAll"
2021,59,"‹“ss","Kyotoshi",FALSE,9343,"StudentsAll"
2021,60,"‘åãs","Osakashi",FALSE,16955,"StudentsAll"
2021,61,"äs","Sakaishi",FALSE,7141,"StudentsAll"
2021,62,"_ŒËs","Kobeshi",FALSE,11410,"StudentsAll"
2021,63,"‰ªRs","Okayamashi",FALSE,5695,"StudentsAll"
2021,64,"L“‡s","Hiroshimashi",FALSE,9390,"StudentsAll"
2021,65,"–k‹ãBs","Kitakyushushi",FALSE,7401,"StudentsAll"
2021,66,"•Ÿ‰ªs","Fukuokashi",FALSE,12183,"StudentsAll"
2021,67,"ŒF–{s","Kumamotoshi",FALSE,6235,"StudentsAll"
2021,1,"–kŠC“¹","Hokkaido",TRUE,8007,"GaibuApplicants"
2021,2,"ÂXŒ§","Aomoriken",TRUE,4022,"GaibuApplicants"
2021,3,"ŠâèŒ§","Iwateken",TRUE,6118,"GaibuApplicants"
2021,4,"‹{éŒ§","Miyagiken",TRUE,3166,"GaibuApplicants"
2021,5,"H“cŒ§","Akitaken",TRUE,6883,"GaibuApplicants"
2021,6,"RŒ`Œ§","Yamagataken",TRUE,3807,"GaibuApplicants"
2021,7,"•Ÿ“‡Œ§","Fukushimaken",TRUE,6426,"GaibuApplicants"
2021,8,"ˆïéŒ§","Ibarakiken",TRUE,12348,"GaibuApplicants"
2021,9,"“È–ØŒ§","Tochigiken",TRUE,6449,"GaibuApplicants"
2021,10,"ŒQ”nŒ§","Gummaken",TRUE,10011,"GaibuApplicants"
2021,11,"é‹ÊŒ§","Saitamaken",TRUE,25358,"GaibuApplicants"
2021,12,"ç—tŒ§","Chibaken",TRUE,19050,"GaibuApplicants"
2021,13,"“Œ‹“s","Tokyoto",TRUE,45526,"GaibuApplicants"
2021,14,"_“ŞìŒ§","Kanagawaken",TRUE,7758,"GaibuApplicants"
2021,15,"VŠƒŒ§","Niigataken",TRUE,3537,"GaibuApplicants"
2021,16,"•xRŒ§","Toyamaken",TRUE,2412,"GaibuApplicants"
2021,17,"ÎìŒ§","Ishikawaken",TRUE,5421,"GaibuApplicants"
2021,18,"•ŸˆäŒ§","Fukuiken",TRUE,6540,"GaibuApplicants"
2021,19,"R—œŒ§","Yamanashiken",TRUE,2065,"GaibuApplicants"
2021,20,"’·–ìŒ§","Naganoken",TRUE,6384,"GaibuApplicants"
2021,21,"Šò•ŒŒ§","Gifuken",TRUE,5775,"GaibuApplicants"
2021,22,"Ã‰ªŒ§","Shizuokaken",TRUE,5812,"GaibuApplicants"
2021,23,"ˆ¤’mŒ§","Aichiken",TRUE,11950,"GaibuApplicants"
2021,24,"OdŒ§","Mieken",TRUE,5320,"GaibuApplicants"
2021,25," ‰êŒ§","Shigaken",TRUE,8153,"GaibuApplicants"
2021,26,"‹“s•{","Kyotofu",TRUE,4300,"GaibuApplicants"
2021,27,"‘åã•{","Osakafu",TRUE,16915,"GaibuApplicants"
2021,28,"•ºŒÉŒ§","Hyogoken",TRUE,10522,"GaibuApplicants"
2021,29,"“Ş—ÇŒ§","Naraken",TRUE,2477,"GaibuApplicants"
2021,30,"˜a‰ÌRŒ§","Wakayamaken",TRUE,6731,"GaibuApplicants"
2021,31,"’¹æŒ§","Tottoriken",TRUE,1765,"GaibuApplicants"
2021,32,"“‡ªŒ§","Shimaneken",TRUE,1541,"GaibuApplicants"
2021,33,"‰ªRŒ§","Okayamaken",TRUE,3988,"GaibuApplicants"
2021,34,"L“‡Œ§","Hiroshimaken",TRUE,5914,"GaibuApplicants"
2021,35,"RŒûŒ§","Yamaguchiken",TRUE,3662,"GaibuApplicants"
2021,36,"“¿“‡Œ§","Tokushimaken",TRUE,2400,"GaibuApplicants"
2021,37,"ìŒ§","Kagawaken",TRUE,2242,"GaibuApplicants"
2021,38,"ˆ¤•QŒ§","Ehimeken",TRUE,4096,"GaibuApplicants"
2021,39,"‚’mŒ§","Kochiken",TRUE,2538,"GaibuApplicants"
2021,40,"•Ÿ‰ªŒ§","Fukuokaken",TRUE,12698,"GaibuApplicants"
2021,41,"²‰êŒ§","Sagaken",TRUE,3165,"GaibuApplicants"
2021,42,"’·èŒ§","Nagasakiken",TRUE,3781,"GaibuApplicants"
2021,43,"ŒF–{Œ§","Kumamotoken",TRUE,5759,"GaibuApplicants"
2021,44,"‘å•ªŒ§","Oitaken",TRUE,3751,"GaibuApplicants"
2021,45,"‹{èŒ§","Miyazakiken",TRUE,4751,"GaibuApplicants"
2021,46,"­™“‡Œ§","Kagoshimaken",TRUE,7512,"GaibuApplicants"
2021,47,"‰«“êŒ§","Okinawaken",TRUE,6980,"GaibuApplicants"
2021,48,"D–ys","Sapporoshi",FALSE,13155,"GaibuApplicants"
2021,49,"å‘äs","Sendaishi",FALSE,1924,"GaibuApplicants"
2021,50,"‚³‚¢‚½‚Üs","Saitamashi",FALSE,9990,"GaibuApplicants"
2021,51,"ç—ts","Chibashi",FALSE,3069,"GaibuApplicants"
2021,52,"ìès","Kawasakishi",FALSE,4046,"GaibuApplicants"
2021,53,"‰¡•ls","Yokohamashi",FALSE,23899,"GaibuApplicants"
2021,54,"‘Š–ÍŒ´s","Sagamiharashi",FALSE,1669,"GaibuApplicants"
2021,55,"VŠƒs","Niigatashi",FALSE,1525,"GaibuApplicants"
2021,56,"Ã‰ªs","Shizuokashi",FALSE,1152,"GaibuApplicants"
2021,57,"•l¼s","Hamamatsushi",FALSE,1584,"GaibuApplicants"
2021,58,"–¼ŒÃ‰®s","Nagoyashi",FALSE,4293,"GaibuApplicants"
2021,59,"‹“ss","Kyotoshi",FALSE,3164,"GaibuApplicants"
2021,60,"‘åãs","Osakashi",FALSE,14936,"GaibuApplicants"
2021,61,"äs","Sakaishi",FALSE,1765,"GaibuApplicants"
2021,62,"_ŒËs","Kobeshi",FALSE,3063,"GaibuApplicants"
2021,63,"‰ªRs","Okayamashi",FALSE,1625,"GaibuApplicants"
2021,64,"L“‡s","Hiroshimashi",FALSE,2635,"GaibuApplicants"
2021,65,"–k‹ãBs","Kitakyushushi",FALSE,2258,"GaibuApplicants"
2021,66,"•Ÿ‰ªs","Fukuokashi",FALSE,4317,"GaibuApplicants"
2021,67,"ŒF–{s","Kumamotoshi",FALSE,5690,"GaibuApplicants"
2021,1,"–kŠC“¹","Hokkaido",TRUE,4377,"GaibuPassed"
2021,2,"ÂXŒ§","Aomoriken",TRUE,2480,"GaibuPassed"
2021,3,"ŠâèŒ§","Iwateken",TRUE,2738,"GaibuPassed"
2021,4,"‹{éŒ§","Miyagiken",TRUE,1676,"GaibuPassed"
2021,5,"H“cŒ§","Akitaken",TRUE,1998,"GaibuPassed"
2021,6,"RŒ`Œ§","Yamagataken",TRUE,1967,"GaibuPassed"
2021,7,"•Ÿ“‡Œ§","Fukushimaken",TRUE,3530,"GaibuPassed"
2021,8,"ˆïéŒ§","Ibarakiken",TRUE,7932,"GaibuPassed"
2021,9,"“È–ØŒ§","Tochigiken",TRUE,4418,"GaibuPassed"
2021,10,"ŒQ”nŒ§","Gummaken",TRUE,7224,"GaibuPassed"
2021,11,"é‹ÊŒ§","Saitamaken",TRUE,15038,"GaibuPassed"
2021,12,"ç—tŒ§","Chibaken",TRUE,13044,"GaibuPassed"
2021,13,"“Œ‹“s","Tokyoto",TRUE,31127,"GaibuPassed"
2021,14,"_“ŞìŒ§","Kanagawaken",TRUE,5289,"GaibuPassed"
2021,15,"VŠƒŒ§","Niigataken",TRUE,2063,"GaibuPassed"
2021,16,"•xRŒ§","Toyamaken",TRUE,1707,"GaibuPassed"
2021,17,"ÎìŒ§","Ishikawaken",TRUE,4025,"GaibuPassed"
2021,18,"•ŸˆäŒ§","Fukuiken",TRUE,5842,"GaibuPassed"
2021,19,"R—œŒ§","Yamanashiken",TRUE,1379,"GaibuPassed"
2021,20,"’·–ìŒ§","Naganoken",TRUE,4042,"GaibuPassed"
2021,21,"Šò•ŒŒ§","Gifuken",TRUE,3723,"GaibuPassed"
2021,22,"Ã‰ªŒ§","Shizuokaken",TRUE,3836,"GaibuPassed"
2021,23,"ˆ¤’mŒ§","Aichiken",TRUE,7725,"GaibuPassed"
2021,24,"OdŒ§","Mieken",TRUE,3086,"GaibuPassed"
2021,25," ‰êŒ§","Shigaken",TRUE,3459,"GaibuPassed"
2021,26,"‹“s•{","Kyotofu",TRUE,2580,"GaibuPassed"
2021,27,"‘åã•{","Osakafu",TRUE,10006,"GaibuPassed"
2021,28,"•ºŒÉŒ§","Hyogoken",TRUE,6644,"GaibuPassed"
2021,29,"“Ş—ÇŒ§","Naraken",TRUE,1686,"GaibuPassed"
2021,30,"˜a‰ÌRŒ§","Wakayamaken",TRUE,3148,"GaibuPassed"
2021,31,"’¹æŒ§","Tottoriken",TRUE,981,"GaibuPassed"
2021,32,"“‡ªŒ§","Shimaneken",TRUE,882,"GaibuPassed"
2021,33,"‰ªRŒ§","Okayamaken",TRUE,2624,"GaibuPassed"
2021,34,"L“‡Œ§","Hiroshimaken",TRUE,3641,"GaibuPassed"
2021,35,"RŒûŒ§","Yamaguchiken",TRUE,2638,"GaibuPassed"
2021,36,"“¿“‡Œ§","Tokushimaken",TRUE,1549,"GaibuPassed"
2021,37,"ìŒ§","Kagawaken",TRUE,1526,"GaibuPassed"
2021,38,"ˆ¤•QŒ§","Ehimeken",TRUE,2800,"GaibuPassed"
2021,39,"‚’mŒ§","Kochiken",TRUE,1219,"GaibuPassed"
2021,40,"•Ÿ‰ªŒ§","Fukuokaken",TRUE,6236,"GaibuPassed"
2021,41,"²‰êŒ§","Sagaken",TRUE,1573,"GaibuPassed"
2021,42,"’·èŒ§","Nagasakiken",TRUE,2443,"GaibuPassed"
2021,43,"ŒF–{Œ§","Kumamotoken",TRUE,2868,"GaibuPassed"
2021,44,"‘å•ªŒ§","Oitaken",TRUE,1861,"GaibuPassed"
2021,45,"‹{èŒ§","Miyazakiken",TRUE,2790,"GaibuPassed"
2021,46,"­™“‡Œ§","Kagoshimaken",TRUE,3817,"GaibuPassed"
2021,47,"‰«“êŒ§","Okinawaken",TRUE,3989,"GaibuPassed"
2021,48,"D–ys","Sapporoshi",FALSE,2556,"GaibuPassed"
2021,49,"å‘äs","Sendaishi",FALSE,1234,"GaibuPassed"
2021,50,"‚³‚¢‚½‚Üs","Saitamashi",FALSE,8527,"GaibuPassed"
2021,51,"ç—ts","Chibashi",FALSE,2244,"GaibuPassed"
2021,52,"ìès","Kawasakishi",FALSE,2843,"GaibuPassed"
2021,53,"‰¡•ls","Yokohamashi",FALSE,11728,"GaibuPassed"
2021,54,"‘Š–ÍŒ´s","Sagamiharashi",FALSE,1003,"GaibuPassed"
2021,55,"VŠƒs","Niigatashi",FALSE,1004,"GaibuPassed"
2021,56,"Ã‰ªs","Shizuokashi",FALSE,868,"GaibuPassed"
2021,57,"•l¼s","Hamamatsushi",FALSE,1003,"GaibuPassed"
2021,58,"–¼ŒÃ‰®s","Nagoyashi",FALSE,2939,"GaibuPassed"
2021,59,"‹“ss","Kyotoshi",FALSE,2086,"GaibuPassed"
2021,60,"‘åãs","Osakashi",FALSE,8853,"GaibuPassed"
2021,61,"äs","Sakaishi",FALSE,1187,"GaibuPassed"
2021,62,"_ŒËs","Kobeshi",FALSE,1880,"GaibuPassed"
2021,63,"‰ªRs","Okayamashi",FALSE,1273,"GaibuPassed"
2021,64,"L“‡s","Hiroshimashi",FALSE,1758,"GaibuPassed"
2021,65,"–k‹ãBs","Kitakyushushi",FALSE,1524,"GaibuPassed"
2021,66,"•Ÿ‰ªs","Fukuokashi",FALSE,2874,"GaibuPassed"
2021,67,"ŒF–{s","Kumamotoshi",FALSE,888,"GaibuPassed"
2021,1,"–kŠC“¹","Hokkaido",TRUE,7778,"RegardedA1plus"
2021,2,"ÂXŒ§","Aomoriken",TRUE,1690,"RegardedA1plus"
2021,3,"ŠâèŒ§","Iwateken",TRUE,1596,"RegardedA1plus"
2021,4,"‹{éŒ§","Miyagiken",TRUE,3269,"RegardedA1plus"
2021,5,"H“cŒ§","Akitaken",TRUE,1920,"RegardedA1plus"
2021,6,"RŒ`Œ§","Yamagataken",TRUE,1607,"RegardedA1plus"
2021,7,"•Ÿ“‡Œ§","Fukushimaken",TRUE,2249,"RegardedA1plus"
2021,8,"ˆïéŒ§","Ibarakiken",TRUE,5186,"RegardedA1plus"
2021,9,"“È–ØŒ§","Tochigiken",TRUE,2528,"RegardedA1plus"
2021,10,"ŒQ”nŒ§","Gummaken",TRUE,3051,"RegardedA1plus"
2021,11,"é‹ÊŒ§","Saitamaken",TRUE,7642,"RegardedA1plus"
2021,12,"ç—tŒ§","Chibaken",TRUE,8527,"RegardedA1plus"
2021,13,"“Œ‹“s","Tokyoto",TRUE,10609,"RegardedA1plus"
2021,14,"_“ŞìŒ§","Kanagawaken",TRUE,5024,"RegardedA1plus"
2021,15,"VŠƒŒ§","Niigataken",TRUE,2417,"RegardedA1plus"
2021,16,"•xRŒ§","Toyamaken",TRUE,2084,"RegardedA1plus"
2021,17,"ÎìŒ§","Ishikawaken",TRUE,1475,"RegardedA1plus"
2021,18,"•ŸˆäŒ§","Fukuiken",TRUE,109,"RegardedA1plus"
2021,19,"R—œŒ§","Yamanashiken",TRUE,1206,"RegardedA1plus"
2021,20,"’·–ìŒ§","Naganoken",TRUE,3636,"RegardedA1plus"
2021,21,"Šò•ŒŒ§","Gifuken",TRUE,6093,"RegardedA1plus"
2021,22,"Ã‰ªŒ§","Shizuokaken",TRUE,3004,"RegardedA1plus"
2021,23,"ˆ¤’mŒ§","Aichiken",TRUE,7976,"RegardedA1plus"
2021,24,"OdŒ§","Mieken",TRUE,3424,"RegardedA1plus"
2021,25," ‰êŒ§","Shigaken",TRUE,2101,"RegardedA1plus"
2021,26,"‹“s•{","Kyotofu",TRUE,1691,"RegardedA1plus"
2021,27,"‘åã•{","Osakafu",TRUE,10203,"RegardedA1plus"
2021,28,"•ºŒÉŒ§","Hyogoken",TRUE,6796,"RegardedA1plus"
2021,29,"“Ş—ÇŒ§","Naraken",TRUE,2743,"RegardedA1plus"
2021,30,"˜a‰ÌRŒ§","Wakayamaken",TRUE,569,"RegardedA1plus"
2021,31,"’¹æŒ§","Tottoriken",TRUE,906,"RegardedA1plus"
2021,32,"“‡ªŒ§","Shimaneken",TRUE,1148,"RegardedA1plus"
2021,33,"‰ªRŒ§","Okayamaken",TRUE,1959,"RegardedA1plus"
2021,34,"L“‡Œ§","Hiroshimaken",TRUE,2213,"RegardedA1plus"
2021,35,"RŒûŒ§","Yamaguchiken",TRUE,2768,"RegardedA1plus"
2021,36,"“¿“‡Œ§","Tokushimaken",TRUE,1201,"RegardedA1plus"
2021,37,"ìŒ§","Kagawaken",TRUE,1450,"RegardedA1plus"
2021,38,"ˆ¤•QŒ§","Ehimeken",TRUE,2369,"RegardedA1plus"
2021,39,"‚’mŒ§","Kochiken",TRUE,722,"RegardedA1plus"
2021,40,"•Ÿ‰ªŒ§","Fukuokaken",TRUE,5368,"RegardedA1plus"
2021,41,"²‰êŒ§","Sagaken",TRUE,814,"RegardedA1plus"
2021,42,"’·èŒ§","Nagasakiken",TRUE,2780,"RegardedA1plus"
2021,43,"ŒF–{Œ§","Kumamotoken",TRUE,1154,"RegardedA1plus"
2021,44,"‘å•ªŒ§","Oitaken",TRUE,1863,"RegardedA1plus"
2021,45,"‹{èŒ§","Miyazakiken",TRUE,1600,"RegardedA1plus"
2021,46,"­™“‡Œ§","Kagoshimaken",TRUE,2544,"RegardedA1plus"
2021,47,"‰«“êŒ§","Okinawaken",TRUE,2864,"RegardedA1plus"
2021,48,"D–ys","Sapporoshi",FALSE,5176,"RegardedA1plus"
2021,49,"å‘äs","Sendaishi",FALSE,2027,"RegardedA1plus"
2021,50,"‚³‚¢‚½‚Üs","Saitamashi",FALSE,463,"RegardedA1plus"
2021,51,"ç—ts","Chibashi",FALSE,1130,"RegardedA1plus"
2021,52,"ìès","Kawasakishi",FALSE,2248,"RegardedA1plus"
2021,53,"‰¡•ls","Yokohamashi",FALSE,2483,"RegardedA1plus"
2021,54,"‘Š–ÍŒ´s","Sagamiharashi",FALSE,868,"RegardedA1plus"
2021,55,"VŠƒs","Niigatashi",FALSE,1406,"RegardedA1plus"
2021,56,"Ã‰ªs","Shizuokashi",FALSE,1401,"RegardedA1plus"
2021,57,"•l¼s","Hamamatsushi",FALSE,1757,"RegardedA1plus"
2021,58,"–¼ŒÃ‰®s","Nagoyashi",FALSE,2876,"RegardedA1plus"
2021,59,"‹“ss","Kyotoshi",FALSE,2620,"RegardedA1plus"
2021,60,"‘åãs","Osakashi",FALSE,62,"RegardedA1plus"
2021,61,"äs","Sakaishi",FALSE,2597,"RegardedA1plus"
2021,62,"_ŒËs","Kobeshi",FALSE,3608,"RegardedA1plus"
2021,63,"‰ªRs","Okayamashi",FALSE,1155,"RegardedA1plus"
2021,64,"L“‡s","Hiroshimashi",FALSE,3316,"RegardedA1plus"
2021,65,"–k‹ãBs","Kitakyushushi",FALSE,1941,"RegardedA1plus"
2021,66,"•Ÿ‰ªs","Fukuokashi",FALSE,5163,"RegardedA1plus"
2021,67,"ŒF–{s","Kumamotoshi",FALSE,2610,"RegardedA1plus"
